Workbook

Sheet Estudiantes_Tabla
A1: ID | B1: Nombre | C1: Grupo | D1: Carrera | E1: Nivel_Ingles | F1: Talla_Camiseta | G1: Lab1 | H1: Lab2 | I1: Lab3 | J1: Nota_Final | K1: ID_Único | M1: Verificación de clave
A2: Categórico | B2: Categórico | C2: Categórico | D2: Categórico | E2: Ordinal | F2: Ordinal | G2: Cuantitativo | H2: Cuantitativo | I2: Cuantitativo | J2: Cuantitativo | K2: Verificación | M2: Filas (estudiantes) | N2: =COUNTA(A3:A26) -> 24
A3: EST001 | B3: Estudiante 01 | C3: 1SF142 | D3: Ingeniería en Sistemas | E3: Básico | F3: S | G3: 86.9 | H3: 71.5 | I3: 72.8 | J3: 77.1 | K3: =COUNTIF($A$3:$A$26,A3)=1 -> TRUE | M3: Valores únicos en ID | N3: {=SUMPRODUCT(1/COUNTIF(A3:A26,A3:A26))} -> 24
A4: EST002 | B4: Estudiante 02 | C4: 1SF142 | D4: Ingeniería Electromecánica | E4: Intermedio | F4: L | G4: 82.4 | H4: 86.4 | I4: 92.3 | J4: 87 | K4: =COUNTIF($A$3:$A$26,A4)=1 -> TRUE | M4: ¿ID es clave? | N4: =IF(AND(N3=N2,COUNTIF(K3:K26,FALSE)=0),"Sí – ID es clave","No") -> Sí – ID es clave
A5: EST003 | B5: Estudiante 03 | C5: 1SF141 | D5: Ingeniería Industrial | E5: Básico | F5: M | G5: 75.4 | H5: 74.2 | I5: 87.7 | J5: 79.1 | K5: =COUNTIF($A$3:$A$26,A5)=1 -> TRUE | M5: Valores únicos en Nombre | N5: {=SUMPRODUCT(1/COUNTIF(B3:B26,B3:B26))} -> 24
A6: EST004 | B6: Estudiante 04 | C6: 1SF142 | D6: Ingeniería en Sistemas | E6: Avanzado | F6: M | G6: 82.7 | H6: 78.7 | I6: 83.5 | J6: 81.6 | K6: =COUNTIF($A$3:$A$26,A6)=1 -> TRUE | M6: Valores únicos en Grupo | N6: {=SUMPRODUCT(1/COUNTIF(C3:C26,C3:C26))} -> 2
A7: EST005 | B7: Estudiante 05 | C7: 1SF142 | D7: Ingeniería Civil | E7: Avanzado | F7: M | G7: 90 | H7: 67 | I7: 93.2 | J7: 83.4 | K7: =COUNTIF($A$3:$A$26,A7)=1 -> TRUE | M7: Valores únicos en Carrera | N7: {=SUMPRODUCT(1/COUNTIF(D3:D26,D3:D26))} -> 4
A8: EST006 | B8: Estudiante 06 | C8: 1SF141 | D8: Ingeniería Electromecánica | E8: Intermedio | F8: M | G8: 79 | H8: 93.8 | I8: 68.6 | J8: 80.5 | K8: =COUNTIF($A$3:$A$26,A8)=1 -> TRUE
A9: EST007 | B9: Estudiante 07 | C9: 1SF141 | D9: Ingeniería Civil | E9: Avanzado | F9: L | G9: 79 | H9: 51.4 | I9: 93.1 | J9: 74.5 | K9: =COUNTIF($A$3:$A$26,A9)=1 -> TRUE | M9: Justificación de la clave
A10: EST008 | B10: Estudiante 08 | C10: 1SF141 | D10: Ingeniería Electromecánica | E10: Básico | F10: S | G10: 81.4 | H10: 77.1 | I10: 87.7 | J10: 82.1 | K10: =COUNTIF($A$3:$A$26,A10)=1 -> TRUE | M10: La columna ID es la clave: tiene 24 valores únicos para 24 filas (SUMAPRODUCTO = nº de filas) y ningún ID se repite (CONTAR.SI = 1 en todas las filas). Nombre también es único aquí, pero no es una clave fiable (dos estudiantes pueden llamarse igual). Grupo y Carrera se repiten, así que no sirven como clave.
A11: EST009 | B11: Estudiante 09 | C11: 1SF142 | D11: Ingeniería en Sistemas | E11: Intermedio | F11: L | G11: 85.5 | H11: 85 | I11: 77.1 | J11: 82.5 | K11: =COUNTIF($A$3:$A$26,A11)=1 -> TRUE
A12: EST010 | B12: Estudiante 10 | C12: 1SF141 | D12: Ingeniería Electromecánica | E12: Básico | F12: L | G12: 92.2 | H12: 57.7 | I12: 88 | J12: 79.3 | K12: =COUNTIF($A$3:$A$26,A12)=1 -> TRUE
A13: EST011 | B13: Estudiante 11 | C13: 1SF142 | D13: Ingeniería Civil | E13: Intermedio | F13: XL | G13: 76.9 | H13: 76.1 | I13: 82.9 | J13: 78.6 | K13: =COUNTIF($A$3:$A$26,A13)=1 -> TRUE
A14: EST012 | B14: Estudiante 12 | C14: 1SF141 | D14: Ingeniería Industrial | E14: Básico | F14: S | G14: 86.1 | H14: 77.2 | I14: 100 | J14: 87.8 | K14: =COUNTIF($A$3:$A$26,A14)=1 -> TRUE
A15: EST013 | B15: Estudiante 13 | C15: 1SF142 | D15: Ingeniería Electromecánica | E15: Básico | F15: XL | G15: 83.7 | H15: 86.2 | I15: 97.8 | J15: 89.2 | K15: =COUNTIF($A$3:$A$26,A15)=1 -> TRUE
A16: EST014 | B16: Estudiante 14 | C16: 1SF141 | D16: Ingeniería Electromecánica | E16: Intermedio | F16: S | G16: 67.1 | H16: 90.5 | I16: 88.1 | J16: 81.9 | K16: =COUNTIF($A$3:$A$26,A16)=1 -> TRUE
A17: EST015 | B17: Estudiante 15 | C17: 1SF141 | D17: Ingeniería Industrial | E17: Básico | F17: L | G17: 78.6 | H17: 74 | I17: 80 | J17: 77.5 | K17: =COUNTIF($A$3:$A$26,A17)=1 -> TRUE
A18: EST016 | B18: Estudiante 16 | C18: 1SF141 | D18: Ingeniería Electromecánica | E18: Básico | F18: L | G18: 80.9 | H18: 64.2 | I18: 80.9 | J18: 75.3 | K18: =COUNTIF($A$3:$A$26,A18)=1 -> TRUE
A19: EST017 | B19: Estudiante 17 | C19: 1SF141 | D19: Ingeniería Electromecánica | E19: Básico | F19: S | G19: 81.7 | H19: 91.7 | I19: 82.7 | J19: 85.4 | K19: =COUNTIF($A$3:$A$26,A19)=1 -> TRUE
A20: EST018 | B20: Estudiante 18 | C20: 1SF142 | D20: Ingeniería Electromecánica | E20: Intermedio | F20: S | G20: 84.6 | H20: 90.2 | I20: 81.1 | J20: 85.3 | K20: =COUNTIF($A$3:$A$26,A20)=1 -> TRUE
A21: EST019 | B21: Estudiante 19 | C21: 1SF142 | D21: Ingeniería Civil | E21: Intermedio | F21: L | G21: 65.7 | H21: 73.4 | I21: 78.7 | J21: 72.6 | K21: =COUNTIF($A$3:$A$26,A21)=1 -> TRUE
A22: EST020 | B22: Estudiante 20 | C22: 1SF142 | D22: Ingeniería en Sistemas | E22: Básico | F22: L | G22: 82.4 | H22: 81.5 | I22: 80.9 | J22: 81.6 | K22: =COUNTIF($A$3:$A$26,A22)=1 -> TRUE
... A26: EST024 | B26: Estudiante 24 | C26: 1SF142 | D26: Ingeniería Electromecánica | E26: Intermedio | F26: M | G26: 87.9 | H26: 92.1 | I26: 78.5 | J26: 86.2 | K26: =COUNTIF($A$3:$A$26,A26)=1 -> TRUE

Sheet Estudiantes_Largo
A1: ID | B1: Laboratorio | C1: Nota | D1: Clave (ID|Lab) | E1: Nota en Tabla | F1: ¿Coincide? | H1: Verificaciones
A2: EST001 | B2: Lab1 | C2: 86.9 | D2: =A2&"|"&B2 -> EST001|Lab1 | E2: =INDEX(Estudiantes_Tabla!$G$3:$I$26,MATCH(A2,Estudiantes_Tabla!$A$3:$A$26,0),MATCH(B2,Estudiantes_Tabla!$G$1:$I$1,0)) -> 86.9 | F2: =C2=E2 -> TRUE | H2: Filas (registros) | I2: =COUNTA(A2:A73) -> 72
A3: EST001 | B3: Lab2 | C3: 71.5 | D3: =A3&"|"&B3 -> EST001|Lab2 | E3: =INDEX(Estudiantes_Tabla!$G$3:$I$26,MATCH(A3,Estudiantes_Tabla!$A$3:$A$26,0),MATCH(B3,Estudiantes_Tabla!$G$1:$I$1,0)) -> 71.5 | F3: =C3=E3 -> TRUE | H3: Estudiantes = CONTARA(ID)/3 | I3: =COUNTA(A2:A73)/3 -> 24
A4: EST001 | B4: Lab3 | C4: 72.8 | D4: =A4&"|"&B4 -> EST001|Lab3 | E4: =INDEX(Estudiantes_Tabla!$G$3:$I$26,MATCH(A4,Estudiantes_Tabla!$A$3:$A$26,0),MATCH(B4,Estudiantes_Tabla!$G$1:$I$1,0)) -> 72.8 | F4: =C4=E4 -> TRUE | H4: Estudiantes en Estudiantes_Tabla | I4: =COUNTA(Estudiantes_Tabla!A3:A26) -> 24
A5: EST002 | B5: Lab1 | C5: 82.4 | D5: =A5&"|"&B5 -> EST002|Lab1 | E5: =INDEX(Estudiantes_Tabla!$G$3:$I$26,MATCH(A5,Estudiantes_Tabla!$A$3:$A$26,0),MATCH(B5,Estudiantes_Tabla!$G$1:$I$1,0)) -> 82.4 | F5: =C5=E5 -> TRUE | H5: Valores únicos de ID | I5: {=SUMPRODUCT(1/COUNTIF(A2:A73,A2:A73))} -> 24
A6: EST002 | B6: Lab2 | C6: 86.4 | D6: =A6&"|"&B6 -> EST002|Lab2 | E6: =INDEX(Estudiantes_Tabla!$G$3:$I$26,MATCH(A6,Estudiantes_Tabla!$A$3:$A$26,0),MATCH(B6,Estudiantes_Tabla!$G$1:$I$1,0)) -> 86.4 | F6: =C6=E6 -> TRUE | H6: Combinaciones únicas (ID, Laboratorio) | I6: {=SUMPRODUCT(1/COUNTIFS(A2:A73,A2:A73,B2:B73,B2:B73))} -> 72
A7: EST002 | B7: Lab3 | C7: 92.3 | D7: =A7&"|"&B7 -> EST002|Lab3 | E7: =INDEX(Estudiantes_Tabla!$G$3:$I$26,MATCH(A7,Estudiantes_Tabla!$A$3:$A$26,0),MATCH(B7,Estudiantes_Tabla!$G$1:$I$1,0)) -> 92.3 | F7: =C7=E7 -> TRUE | H7: ¿Clave = (ID, Laboratorio)? | I7: =IF(AND(I6=I2,I5<I2),"Sí – ID solo no es único; (ID, Lab) sí","No") -> Sí – ID solo no es único; (ID, Lab) sí
A8: EST003 | B8: Lab1 | C8: 75.4 | D8: =A8&"|"&B8 -> EST003|Lab1 | E8: =INDEX(Estudiantes_Tabla!$G$3:$I$26,MATCH(A8,Estudiantes_Tabla!$A$3:$A$26,0),MATCH(B8,Estudiantes_Tabla!$G$1:$I$1,0)) -> 75.4 | F8: =C8=E8 -> TRUE | H8: Notas que coinciden con la Tabla | I8: =COUNTIF(F2:F73,TRUE)&" de "&I2 -> 72 de 72
A9: EST003 | B9: Lab2 | C9: 74.2 | D9: =A9&"|"&B9 -> EST003|Lab2 | E9: =INDEX(Estudiantes_Tabla!$G$3:$I$26,MATCH(A9,Estudiantes_Tabla!$A$3:$A$26,0),MATCH(B9,Estudiantes_Tabla!$G$1:$I$1,0)) -> 74.2 | F9: =C9=E9 -> TRUE
A10: EST003 | B10: Lab3 | C10: 87.7 | D10: =A10&"|"&B10 -> EST003|Lab3 | E10: =INDEX(Estudiantes_Tabla!$G$3:$I$26,MATCH(A10,Estudiantes_Tabla!$A$3:$A$26,0),MATCH(B10,Estudiantes_Tabla!$G$1:$I$1,0)) -> 87.7 | F10: =C10=E10 -> TRUE | H10: Conclusión: ambas hojas contienen las mismas 72 notas (24 estudiantes × 3 laboratorios); solo cambia la organización. En formato largo cada ID se repite 3 veces, por eso la clave es la combinación (ID, Laboratorio).
A11: EST004 | B11: Lab1 | C11: 82.7 | D11: =A11&"|"&B11 -> EST004|Lab1 | E11: =INDEX(Estudiantes_Tabla!$G$3:$I$26,MATCH(A11,Estudiantes_Tabla!$A$3:$A$26,0),MATCH(B11,Estudiantes_Tabla!$G$1:$I$1,0)) -> 82.7 | F11: =C11=E11 -> TRUE
A12: EST004 | B12: Lab2 | C12: 78.7 | D12: =A12&"|"&B12 -> EST004|Lab2 | E12: =INDEX(Estudiantes_Tabla!$G$3:$I$26,MATCH(A12,Estudiantes_Tabla!$A$3:$A$26,0),MATCH(B12,Estudiantes_Tabla!$G$1:$I$1,0)) -> 78.7 | F12: =C12=E12 -> TRUE
A13: EST004 | B13: Lab3 | C13: 83.5 | D13: =A13&"|"&B13 -> EST004|Lab3 | E13: =INDEX(Estudiantes_Tabla!$G$3:$I$26,MATCH(A13,Estudiantes_Tabla!$A$3:$A$26,0),MATCH(B13,Estudiantes_Tabla!$G$1:$I$1,0)) -> 83.5 | F13: =C13=E13 -> TRUE
A14: EST005 | B14: Lab1 | C14: 90 | D14: =A14&"|"&B14 -> EST005|Lab1 | E14: =INDEX(Estudiantes_Tabla!$G$3:$I$26,MATCH(A14,Estudiantes_Tabla!$A$3:$A$26,0),MATCH(B14,Estudiantes_Tabla!$G$1:$I$1,0)) -> 90 | F14: =C14=E14 -> TRUE
A15: EST005 | B15: Lab2 | C15: 67 | D15: =A15&"|"&B15 -> EST005|Lab2 | E15: =INDEX(Estudiantes_Tabla!$G$3:$I$26,MATCH(A15,Estudiantes_Tabla!$A$3:$A$26,0),MATCH(B15,Estudiantes_Tabla!$G$1:$I$1,0)) -> 67 | F15: =C15=E15 -> TRUE
A16: EST005 | B16: Lab3 | C16: 93.2 | D16: =A16&"|"&B16 -> EST005|Lab3 | E16: =INDEX(Estudiantes_Tabla!$G$3:$I$26,MATCH(A16,Estudiantes_Tabla!$A$3:$A$26,0),MATCH(B16,Estudiantes_Tabla!$G$1:$I$1,0)) -> 93.2 | F16: =C16=E16 -> TRUE
A17: EST006 | B17: Lab1 | C17: 79 | D17: =A17&"|"&B17 -> EST006|Lab1 | E17: =INDEX(Estudiantes_Tabla!$G$3:$I$26,MATCH(A17,Estudiantes_Tabla!$A$3:$A$26,0),MATCH(B17,Estudiantes_Tabla!$G$1:$I$1,0)) -> 79 | F17: =C17=E17 -> TRUE
A18: EST006 | B18: Lab2 | C18: 93.8 | D18: =A18&"|"&B18 -> EST006|Lab2 | E18: =INDEX(Estudiantes_Tabla!$G$3:$I$26,MATCH(A18,Estudiantes_Tabla!$A$3:$A$26,0),MATCH(B18,Estudiantes_Tabla!$G$1:$I$1,0)) -> 93.8 | F18: =C18=E18 -> TRUE
A19: EST006 | B19: Lab3 | C19: 68.6 | D19: =A19&"|"&B19 -> EST006|Lab3 | E19: =INDEX(Estudiantes_Tabla!$G$3:$I$26,MATCH(A19,Estudiantes_Tabla!$A$3:$A$26,0),MATCH(B19,Estudiantes_Tabla!$G$1:$I$1,0)) -> 68.6 | F19: =C19=E19 -> TRUE
A20: EST007 | B20: Lab1 | C20: 79 | D20: =A20&"|"&B20 -> EST007|Lab1 | E20: =INDEX(Estudiantes_Tabla!$G$3:$I$26,MATCH(A20,Estudiantes_Tabla!$A$3:$A$26,0),MATCH(B20,Estudiantes_Tabla!$G$1:$I$1,0)) -> 79 | F20: =C20=E20 -> TRUE
A21: EST007 | B21: Lab2 | C21: 51.4 | D21: =A21&"|"&B21 -> EST007|Lab2 | E21: =INDEX(Estudiantes_Tabla!$G$3:$I$26,MATCH(A21,Estudiantes_Tabla!$A$3:$A$26,0),MATCH(B21,Estudiantes_Tabla!$G$1:$I$1,0)) -> 51.4 | F21: =C21=E21 -> TRUE
A22: EST007 | B22: Lab3 | C22: 93.1 | D22: =A22&"|"&B22 -> EST007|Lab3 | E22: =INDEX(Estudiantes_Tabla!$G$3:$I$26,MATCH(A22,Estudiantes_Tabla!$A$3:$A$26,0),MATCH(B22,Estudiantes_Tabla!$G$1:$I$1,0)) -> 93.1 | F22: =C22=E22 -> TRUE
... A73: EST024 | B73: Lab3 | C73: 78.5 | D73: =A73&"|"&B73 -> EST024|Lab3 | E73: =INDEX(Estudiantes_Tabla!$G$3:$I$26,MATCH(A73,Estudiantes_Tabla!$A$3:$A$26,0),MATCH(B73,Estudiantes_Tabla!$G$1:$I$1,0)) -> 78.5 | F73: =C73=E73 -> TRUE

Sheet Ventas_Diarias_LogiPanama
A1: Fecha | B1: Envios_Gestionados | C1: Ingresos_USD
A2: 2025-01-01 | B2: 1446 | C2: 41037.54
A3: 2025-01-02 | B3: 1264 | C3: 43352.1
A4: 2025-01-03 | B4: 1265 | C4: 41869.4
A5: 2025-01-04 | B5: 1015 | C5: 30746.77
A6: 2025-01-05 | B6: 1147 | C6: 39362.18
A7: 2025-01-06 | B7: 1246 | C7: 40786.02
A8: 2025-01-07 | B8: 1333 | C8: 46598.6
A9: 2025-01-08 | B9: 1465 | C9: 45788.37
A10: 2025-01-09 | B10: 1341 | C10: 38597.03
A11: 2025-01-10 | B11: 1287 | C11: 37143.6
A12: 2025-01-11 | B12: 1059 | C12: 35210.18
A13: 2025-01-12 | B13: 1231 | C13: 39485.84
... A366: 2025-12-31 | B366: 1884 | C366: 62265.63

Sheet Pivot_Labs
A1: Tabla dinámica desde Estudiantes_Largo: ID en Filas, Laboratorio en Columnas, Promedio de Nota en Valores
A3: Promedio de Nota | B3: Etiquetas de columna | G3: Diferencia vs Estudiantes_Tabla (Pivot − Original, con BUSCARV)
A4: Etiquetas de fila | B4: Lab1 | C4: Lab2 | D4: Lab3 | E4: Total general | G4: =B4 -> Lab1 | H4: =C4 -> Lab2 | I4: =D4 -> Lab3 | K4: Celdas con diferencia | L4: {=SUMPRODUCT(--(ABS(G5:I28)>0.0001))} -> 0
A5: EST001 | B5: 86.9 | C5: 71.5 | D5: 72.8 | E5: 77.066667 | G5: =B5-VLOOKUP($A5,Estudiantes_Tabla!$A$3:$I$26,MATCH(G$4,Estudiantes_Tabla!$A$1:$I$1,0),FALSE) -> 0 | H5: =C5-VLOOKUP($A5,Estudiantes_Tabla!$A$3:$I$26,MATCH(H$4,Estudiantes_Tabla!$A$1:$I$1,0),FALSE) -> 0 | I5: =D5-VLOOKUP($A5,Estudiantes_Tabla!$A$3:$I$26,MATCH(I$4,Estudiantes_Tabla!$A$1:$I$1,0),FALSE) -> 0 | K5: Resultado | L5: =IF(L4=0,"Idéntico a Estudiantes_Tabla","Hay diferencias") -> Idéntico a Estudiantes_Tabla
A6: EST002 | B6: 82.4 | C6: 86.4 | D6: 92.3 | E6: 87.033333 | G6: =B6-VLOOKUP($A6,Estudiantes_Tabla!$A$3:$I$26,MATCH(G$4,Estudiantes_Tabla!$A$1:$I$1,0),FALSE) -> 0 | H6: =C6-VLOOKUP($A6,Estudiantes_Tabla!$A$3:$I$26,MATCH(H$4,Estudiantes_Tabla!$A$1:$I$1,0),FALSE) -> 0 | I6: =D6-VLOOKUP($A6,Estudiantes_Tabla!$A$3:$I$26,MATCH(I$4,Estudiantes_Tabla!$A$1:$I$1,0),FALSE) -> 0
A7: EST003 | B7: 75.4 | C7: 74.2 | D7: 87.7 | E7: 79.1 | G7: =B7-VLOOKUP($A7,Estudiantes_Tabla!$A$3:$I$26,MATCH(G$4,Estudiantes_Tabla!$A$1:$I$1,0),FALSE) -> 0 | H7: =C7-VLOOKUP($A7,Estudiantes_Tabla!$A$3:$I$26,MATCH(H$4,Estudiantes_Tabla!$A$1:$I$1,0),FALSE) -> 0 | I7: =D7-VLOOKUP($A7,Estudiantes_Tabla!$A$3:$I$26,MATCH(I$4,Estudiantes_Tabla!$A$1:$I$1,0),FALSE) -> 0
A8: EST004 | B8: 82.7 | C8: 78.7 | D8: 83.5 | E8: 81.633333 | G8: =B8-VLOOKUP($A8,Estudiantes_Tabla!$A$3:$I$26,MATCH(G$4,Estudiantes_Tabla!$A$1:$I$1,0),FALSE) -> 0 | H8: =C8-VLOOKUP($A8,Estudiantes_Tabla!$A$3:$I$26,MATCH(H$4,Estudiantes_Tabla!$A$1:$I$1,0),FALSE) -> 0 | I8: =D8-VLOOKUP($A8,Estudiantes_Tabla!$A$3:$I$26,MATCH(I$4,Estudiantes_Tabla!$A$1:$I$1,0),FALSE) -> 0
A9: EST005 | B9: 90 | C9: 67 | D9: 93.2 | E9: 83.4 | G9: =B9-VLOOKUP($A9,Estudiantes_Tabla!$A$3:$I$26,MATCH(G$4,Estudiantes_Tabla!$A$1:$I$1,0),FALSE) -> 0 | H9: =C9-VLOOKUP($A9,Estudiantes_Tabla!$A$3:$I$26,MATCH(H$4,Estudiantes_Tabla!$A$1:$I$1,0),FALSE) -> 0 | I9: =D9-VLOOKUP($A9,Estudiantes_Tabla!$A$3:$I$26,MATCH(I$4,Estudiantes_Tabla!$A$1:$I$1,0),FALSE) -> 0
A10: EST006 | B10: 79 | C10: 93.8 | D10: 68.6 | E10: 80.466667 | G10: =B10-VLOOKUP($A10,Estudiantes_Tabla!$A$3:$I$26,MATCH(G$4,Estudiantes_Tabla!$A$1:$I$1,0),FALSE) -> 0 | H10: =C10-VLOOKUP($A10,Estudiantes_Tabla!$A$3:$I$26,MATCH(H$4,Estudiantes_Tabla!$A$1:$I$1,0),FALSE) -> 0 | I10: =D10-VLOOKUP($A10,Estudiantes_Tabla!$A$3:$I$26,MATCH(I$4,Estudiantes_Tabla!$A$1:$I$1,0),FALSE) -> 0
A11: EST007 | B11: 79 | C11: 51.4 | D11: 93.1 | E11: 74.5 | G11: =B11-VLOOKUP($A11,Estudiantes_Tabla!$A$3:$I$26,MATCH(G$4,Estudiantes_Tabla!$A$1:$I$1,0),FALSE) -> 0 | H11: =C11-VLOOKUP($A11,Estudiantes_Tabla!$A$3:$I$26,MATCH(H$4,Estudiantes_Tabla!$A$1:$I$1,0),FALSE) -> 0 | I11: =D11-VLOOKUP($A11,Estudiantes_Tabla!$A$3:$I$26,MATCH(I$4,Estudiantes_Tabla!$A$1:$I$1,0),FALSE) -> 0
A12: EST008 | B12: 81.4 | C12: 77.1 | D12: 87.7 | E12: 82.066667 | G12: =B12-VLOOKUP($A12,Estudiantes_Tabla!$A$3:$I$26,MATCH(G$4,Estudiantes_Tabla!$A$1:$I$1,0),FALSE) -> 0 | H12: =C12-VLOOKUP($A12,Estudiantes_Tabla!$A$3:$I$26,MATCH(H$4,Estudiantes_Tabla!$A$1:$I$1,0),FALSE) -> 0 | I12: =D12-VLOOKUP($A12,Estudiantes_Tabla!$A$3:$I$26,MATCH(I$4,Estudiantes_Tabla!$A$1:$I$1,0),FALSE) -> 0
A13: EST009 | B13: 85.5 | C13: 85 | D13: 77.1 | E13: 82.533333 | G13: =B13-VLOOKUP($A13,Estudiantes_Tabla!$A$3:$I$26,MATCH(G$4,Estudiantes_Tabla!$A$1:$I$1,0),FALSE) -> 0 | H13: =C13-VLOOKUP($A13,Estudiantes_Tabla!$A$3:$I$26,MATCH(H$4,Estudiantes_Tabla!$A$1:$I$1,0),FALSE) -> 0 | I13: =D13-VLOOKUP($A13,Estudiantes_Tabla!$A$3:$I$26,MATCH(I$4,Estudiantes_Tabla!$A$1:$I$1,0),FALSE) -> 0
A14: EST010 | B14: 92.2 | C14: 57.7 | D14: 88 | E14: 79.3 | G14: =B14-VLOOKUP($A14,Estudiantes_Tabla!$A$3:$I$26,MATCH(G$4,Estudiantes_Tabla!$A$1:$I$1,0),FALSE) -> 0 | H14: =C14-VLOOKUP($A14,Estudiantes_Tabla!$A$3:$I$26,MATCH(H$4,Estudiantes_Tabla!$A$1:$I$1,0),FALSE) -> 0 | I14: =D14-VLOOKUP($A14,Estudiantes_Tabla!$A$3:$I$26,MATCH(I$4,Estudiantes_Tabla!$A$1:$I$1,0),FALSE) -> 0
A15: EST011 | B15: 76.9 | C15: 76.1 | D15: 82.9 | E15: 78.633333 | G15: =B15-VLOOKUP($A15,Estudiantes_Tabla!$A$3:$I$26,MATCH(G$4,Estudiantes_Tabla!$A$1:$I$1,0),FALSE) -> 0 | H15: =C15-VLOOKUP($A15,Estudiantes_Tabla!$A$3:$I$26,MATCH(H$4,Estudiantes_Tabla!$A$1:$I$1,0),FALSE) -> 0 | I15: =D15-VLOOKUP($A15,Estudiantes_Tabla!$A$3:$I$26,MATCH(I$4,Estudiantes_Tabla!$A$1:$I$1,0),FALSE) -> 0
A16: EST012 | B16: 86.1 | C16: 77.2 | D16: 100 | E16: 87.766667 | G16: =B16-VLOOKUP($A16,Estudiantes_Tabla!$A$3:$I$26,MATCH(G$4,Estudiantes_Tabla!$A$1:$I$1,0),FALSE) -> 0 | H16: =C16-VLOOKUP($A16,Estudiantes_Tabla!$A$3:$I$26,MATCH(H$4,Estudiantes_Tabla!$A$1:$I$1,0),FALSE) -> 0 | I16: =D16-VLOOKUP($A16,Estudiantes_Tabla!$A$3:$I$26,MATCH(I$4,Estudiantes_Tabla!$A$1:$I$1,0),FALSE) -> 0
A17: EST013 | B17: 83.7 | C17: 86.2 | D17: 97.8 | E17: 89.233333 | G17: =B17-VLOOKUP($A17,Estudiantes_Tabla!$A$3:$I$26,MATCH(G$4,Estudiantes_Tabla!$A$1:$I$1,0),FALSE) -> 0 | H17: =C17-VLOOKUP($A17,Estudiantes_Tabla!$A$3:$I$26,MATCH(H$4,Estudiantes_Tabla!$A$1:$I$1,0),FALSE) -> 0 | I17: =D17-VLOOKUP($A17,Estudiantes_Tabla!$A$3:$I$26,MATCH(I$4,Estudiantes_Tabla!$A$1:$I$1,0),FALSE) -> 0
... A28: EST024 | B28: 87.9 | C28: 92.1 | D28: 78.5 | E28: 86.166667 | G28: =B28-VLOOKUP($A28,Estudiantes_Tabla!$A$3:$I$26,MATCH(G$4,Estudiantes_Tabla!$A$1:$I$1,0),FALSE) -> 0 | H28: =C28-VLOOKUP($A28,Estudiantes_Tabla!$A$3:$I$26,MATCH(H$4,Estudiantes_Tabla!$A$1:$I$1,0),FALSE) -> 0 | I28: =D28-VLOOKUP($A28,Estudiantes_Tabla!$A$3:$I$26,MATCH(I$4,Estudiantes_Tabla!$A$1:$I$1,0),FALSE) -> 0
A29: Total general | B29: 80.975 | C29: 78.558333 | D29: 84.175 | E29: 81.236111
