Workbook

Sheet BasesDatosII_Notas
A1: ID_Estudiante | B1: Grupo | C1: Nota_Lab_Final
A2: GS123-01 | B2: GS123 | C2: 98.5
A3: GS123-02 | B3: GS123 | C3: 89.1
A4: GS123-03 | B4: GS123 | C4: 86.7
A5: GS123-04 | B5: GS123 | C5: 73
A6: GS123-05 | B6: GS123 | C6: 84.1
A7: GS123-06 | B7: GS123 | C7: 83.5
A8: GS123-07 | B8: GS123 | C8: 85.4
A9: GS123-08 | B9: GS123 | C9: 81.6
A10: GS123-09 | B10: GS123 | C10: 85.7
A11: GS123-10 | B11: GS123 | C11: 82.7
A12: GS124-01 | B12: GS124 | C12: 64.8
A13: GS124-02 | B13: GS124 | C13: 80.2
... A31: GS126-10 | B31: GS126 | C31: 88.4

Sheet Actividad1_Clasificacion
A1: Actividad 1. Clasificación de tareas — BasesDatosII_Notas
A3: Fórmulas de referencia
A4: Estudiante buscado (lookup) | B4: GS124-05
A5: Nota (BUSCARV) | B5: =VLOOKUP(B4,BasesDatosII_Notas!$A$2:$C$31,3,FALSE) -> 74.4
A6: Nota mínima (MIN) | B6: =MIN(BasesDatosII_Notas!$C$2:$C$31) -> 63.2
A7: Posición de la nota mínima (COINCIDIR) | B7: =MATCH(MIN(BasesDatosII_Notas!$C$2:$C$31),BasesDatosII_Notas!$C$2:$C$31,0) -> 18
A8: Estudiante con la nota mínima | B8: {=INDEX(BasesDatosII_Notas!$A$2:$A$31,B7)} -> GS124-08
A10: # | B10: Pregunta | C10: Acción de búsqueda | D10: Nivel de consulta | E10: Objetivo (target) | F10: Respuesta (fórmula) | G10: Justificación
A11: 1 | B11: ¿Cuál es la nota final del estudiante GS124-05? | C11: Lookup | D11: Identificar | E11: Valor individual | F11: =VLOOKUP("GS124-05",BasesDatosII_Notas!$A$2:$C$31,3,FALSE) -> 74.4 | G11: Se conoce el objetivo (ID) y su ubicación (fila del estudiante en la tabla).
A12: 2 | B12: ¿Qué estudiante tiene la nota más baja de todo el curso? | C12: Locate | D12: Identificar | E12: Extremos (mínimo) | F12: =INDEX(BasesDatosII_Notas!$A$2:$A$31,MATCH(MIN(BasesDatosII_Notas!$C$2:$C$31),BasesDatosII_Notas!$C$2:$C$31,0))&" ("&MIN(BasesDatosII_Notas!$C$2:$C$31)&")" -> GS124-08 (63.2) | G12: Se sabe qué se busca (la nota mínima) pero no dónde está.
A13: 3 | B13: ¿Cuál estudiante tiene la nota más baja del grupo GS124? | C13: Locate | D13: Identificar | E13: Extremos (mínimo) | F13: {=INDEX(BasesDatosII_Notas!$A$2:$A$31,MATCH(1,(BasesDatosII_Notas!$B$2:$B$31="GS124")*(BasesDatosII_Notas!$C$2:$C$31=_xlfn.MINIFS(BasesDatosII_Notas!$C$2:$C$31,BasesDatosII_Notas!$B$2:$B$31,"GS124")),0))&" ("&_xlfn.MINIFS(BasesDatosII_Notas!$C$2:$C$31,BasesDatosII_Notas!$B$2:$B$31,"GS124")&")"} -> GS124-08 (63.2) | G13: Se busca un objetivo conocido (mínimo) sin conocer su fila, restringido al grupo GS124.
A14: 4 | B14: ¿Qué grupo tiene el mejor rendimiento promedio (GS123, GS124 o GS126)? | C14: Browse | D14: Comparar | E14: Tendencia / similitud entre grupos | F14: =INDEX(A19:A21,MATCH(MAX(B19:B21),B19:B21,0))&" ("&TEXT(MAX(B19:B21),"0.00")&")" -> GS126 (88.61) | G14: Se conoce la ubicación (los tres grupos) pero no cuál destacará; se comparan varios objetivos.
A15: 5 | B15: ¿Hay estudiantes con notas atípicas (fuera de promedio ± 2σ) en todo el curso? | C15: Explore | D15: Resumir | E15: Valores atípicos (outliers) / distribución | F15: {=COUNTIFS(BasesDatosII_Notas!$C$2:$C$31,"<"&B24)+COUNTIFS(BasesDatosII_Notas!$C$2:$C$31,">"&B25)&" atípico(s): "&IFERROR(_xlfn.TEXTJOIN(", ",TRUE,_xlfn._xlws.FILTER(BasesDatosII_Notas!$A$2:$A$31,(BasesDatosII_Notas!$C$2:$C$31<B24)+(BasesDatosII_Notas!$C$2:$C$31>B25))),"ninguno")} -> 1 atípico(s): GS124-08 | G15: No se conoce el objetivo ni su ubicación; se parte de una vista general del conjunto completo.
A17: Tabla auxiliar (pregunta 4 y 5)
A18: Grupo | B18: Promedio | C18: Mínimo | D18: Máximo
A19: GS123 | B19: =AVERAGEIFS(BasesDatosII_Notas!$C$2:$C$31,BasesDatosII_Notas!$B$2:$B$31,A19) -> 85.03 | C19: =_xlfn.MINIFS(BasesDatosII_Notas!$C$2:$C$31,BasesDatosII_Notas!$B$2:$B$31,A19) -> 73 | D19: =_xlfn.MAXIFS(BasesDatosII_Notas!$C$2:$C$31,BasesDatosII_Notas!$B$2:$B$31,A19) -> 98.5
A20: GS124 | B20: =AVERAGEIFS(BasesDatosII_Notas!$C$2:$C$31,BasesDatosII_Notas!$B$2:$B$31,A20) -> 73.74 | C20: =_xlfn.MINIFS(BasesDatosII_Notas!$C$2:$C$31,BasesDatosII_Notas!$B$2:$B$31,A20) -> 63.2 | D20: =_xlfn.MAXIFS(BasesDatosII_Notas!$C$2:$C$31,BasesDatosII_Notas!$B$2:$B$31,A20) -> 86
A21: GS126 | B21: =AVERAGEIFS(BasesDatosII_Notas!$C$2:$C$31,BasesDatosII_Notas!$B$2:$B$31,A21) -> 88.61 | C21: =_xlfn.MINIFS(BasesDatosII_Notas!$C$2:$C$31,BasesDatosII_Notas!$B$2:$B$31,A21) -> 81.7 | D21: =_xlfn.MAXIFS(BasesDatosII_Notas!$C$2:$C$31,BasesDatosII_Notas!$B$2:$B$31,A21) -> 100
A22: Promedio general | B22: =AVERAGE(BasesDatosII_Notas!$C$2:$C$31) -> 82.46
A23: Desviación estándar | B23: =_xlfn.STDEV.S(BasesDatosII_Notas!$C$2:$C$31) -> 9.107655
A24: Límite inferior (μ − 2σ) | B24: =B22-2*B23 -> 64.24469
A25: Límite superior (μ + 2σ) | B25: =B22+2*B23 -> 100.67531

Sheet AgenciaImpulso_IngresosCostos
A1: Mes | B1: Ingresos | C1: Costos | D1: Margen | E1: Clasificación | F1: Margen_% | H1: Resumen | I1: Valor
A2: 2025-01 | B2: 20607.7 | C2: 14323.91 | D2: =B2-C2 -> 6283.79 | E2: =IF(D2>0,"Rentable",IF(D2=0,"En equilibrio","Pérdida")) -> Rentable | F2: =D2/B2 -> 0.30492437 | H2: Margen promedio | I2: =AVERAGE(D2:D19) -> 4889.4139
A3: 2025-02 | B3: 24916.39 | C3: 16411.25 | D3: =B3-C3 -> 8505.14 | E3: =IF(D3>0,"Rentable",IF(D3=0,"En equilibrio","Pérdida")) -> Rentable | F3: =D3/B3 -> 0.3413472 | H3: Margen máximo | I3: =MAX(D2:D19) -> 8505.14
A4: 2025-03 | B4: 13645.57 | C4: 10402.1 | D4: =B4-C4 -> 3243.47 | E4: =IF(D4>0,"Rentable",IF(D4=0,"En equilibrio","Pérdida")) -> Rentable | F4: =D4/B4 -> 0.23769399 | H4: Margen mínimo | I4: =MIN(D2:D19) -> 2318.91
A5: 2025-04 | B5: 15807.54 | C5: 12235.41 | D5: =B5-C5 -> 3572.13 | E5: =IF(D5>0,"Rentable",IF(D5=0,"En equilibrio","Pérdida")) -> Rentable | F5: =D5/B5 -> 0.22597634 | H5: Margen % promedio | I5: =AVERAGE(F2:F19) -> 0.2957643
A6: 2025-05 | B6: 15186.82 | C6: 11501.4 | D6: =B6-C6 -> 3685.42 | E6: =IF(D6>0,"Rentable",IF(D6=0,"En equilibrio","Pérdida")) -> Rentable | F6: =D6/B6 -> 0.24267226 | H6: Meses rentables | I6: =COUNTIF(E2:E19,"Rentable") -> 18
A7: 2025-06 | B7: 9533.21 | C7: 7214.3 | D7: =B7-C7 -> 2318.91 | E7: =IF(D7>0,"Rentable",IF(D7=0,"En equilibrio","Pérdida")) -> Rentable | F7: =D7/B7 -> 0.24324545 | H7: Meses con pérdida | I7: =COUNTIF(E2:E19,"Pérdida") -> 0
A8: 2025-07 | B8: 14766.73 | C8: 9776.76 | D8: =B8-C8 -> 4989.97 | E8: =IF(D8>0,"Rentable",IF(D8=0,"En equilibrio","Pérdida")) -> Rentable | F8: =D8/B8 -> 0.33791977
A9: 2025-08 | B9: 14416.43 | C9: 10818.67 | D9: =B9-C9 -> 3597.76 | E9: =IF(D9>0,"Rentable",IF(D9=0,"En equilibrio","Pérdida")) -> Rentable | F9: =D9/B9 -> 0.2495597
A10: 2025-09 | B10: 21933.92 | C10: 14299.92 | D10: =B10-C10 -> 7634 | E10: =IF(D10>0,"Rentable",IF(D10=0,"En equilibrio","Pérdida")) -> Rentable | F10: =D10/B10 -> 0.3480454
A11: 2025-10 | B11: 17538.3 | C11: 12659.81 | D11: =B11-C11 -> 4878.49 | E11: =IF(D11>0,"Rentable",IF(D11=0,"En equilibrio","Pérdida")) -> Rentable | F11: =D11/B11 -> 0.27816208
A12: 2025-11 | B12: 12318.5 | C12: 7979.21 | D12: =B12-C12 -> 4339.29 | E12: =IF(D12>0,"Rentable",IF(D12=0,"En equilibrio","Pérdida")) -> Rentable | F12: =D12/B12 -> 0.35225799
A13: 2025-12 | B13: 20263.36 | C13: 13850.89 | D13: =B13-C13 -> 6412.47 | E13: =IF(D13>0,"Rentable",IF(D13=0,"En equilibrio","Pérdida")) -> Rentable | F13: =D13/B13 -> 0.3164564
A14: 2026-01 | B14: 16753.05 | C14: 9523.42 | D14: =B14-C14 -> 7229.63 | E14: =IF(D14>0,"Rentable",IF(D14=0,"En equilibrio","Pérdida")) -> Rentable | F14: =D14/B14 -> 0.43154112
A15: 2026-02 | B15: 11899.01 | C15: 7410.73 | D15: =B15-C15 -> 4488.28 | E15: =IF(D15>0,"Rentable",IF(D15=0,"En equilibrio","Pérdida")) -> Rentable | F15: =D15/B15 -> 0.37719777
A16: 2026-03 | B16: 15911.73 | C16: 13389.42 | D16: =B16-C16 -> 2522.31 | E16: =IF(D16>0,"Rentable",IF(D16=0,"En equilibrio","Pérdida")) -> Rentable | F16: =D16/B16 -> 0.1585189
A17: 2026-04 | B17: 15939.92 | C17: 9869.6 | D17: =B17-C17 -> 6070.32 | E17: =IF(D17>0,"Rentable",IF(D17=0,"En equilibrio","Pérdida")) -> Rentable | F17: =D17/B17 -> 0.380825
A18: 2026-05 | B18: 14941.41 | C18: 11317.27 | D18: =B18-C18 -> 3624.14 | E18: =IF(D18>0,"Rentable",IF(D18=0,"En equilibrio","Pérdida")) -> Rentable | F18: =D18/B18 -> 0.24255676
A19: 2026-06 | B19: 18104 | C19: 13490.07 | D19: =B19-C19 -> 4613.93 | E19: =IF(D19>0,"Rentable",IF(D19=0,"En equilibrio","Pérdida")) -> Rentable | F19: =D19/B19 -> 0.25485694
A21: Interpretación
A22: ¿Por qué graficar el Margen derivado? Al igual que la balanza comercial del capítulo (exportaciones − importaciones), graficar Ingresos y Costos por separado obliga al lector a estimar mentalmente la distancia vertical entre dos líneas, lo cual es impreciso. Al derivar Margen = Ingresos − Costos, esa diferencia se codifica directamente como la altura de una barra sobre una línea base común en cero, por lo que se lee de inmediato qué meses fueron más o menos rentables y si hubo pérdidas (barras bajo cero). En estos 18 meses todos los márgenes son positivos (18 meses 'Rentable').
A23: Margen absoluto vs. porcentual (Gráfico 2): el margen absoluto depende del volumen de ingresos (p. ej. 2025-02 tiene el mayor margen en $ por tener los mayores ingresos), mientras que el margen % normaliza por ingresos y muestra la eficiencia: un mes con pocos ingresos puede tener un margen % alto (2026-01, ~43%) y un mes con ingresos normales puede ser poco eficiente (2026-03, ~16%). Ambos atributos derivados responden preguntas distintas: cuánto se ganó vs. qué tan eficiente fue la operación.
